Sensor,Threshold,Sensitivity,Specificity,Youden_J,AUC
TGS2602,1.0698691109836238,0.9865079365079366,0.9904761904761905,0.9769841269841271,0.998968253968254
MQ138,0.9758285911468526,0.9642857142857143,0.9952380952380953,0.9595238095238096,0.9979931972789116
TGS822,0.9088166675495746,0.9507936507936507,0.9880952380952381,0.9388888888888889,0.9941685563114135
TGS2600,0.9861409101861346,0.8944444444444445,0.9714285714285714,0.8658730158730159,0.9766439909297052
MQ3,0.8630716407858905,0.8896825396825396,0.95,0.8396825396825396,0.9686148904006047
MQ135,0.9408936876564307,0.8960317460317461,0.9238095238095239,0.8198412698412698,0.9594746787603932
MiCS_NH3,0.05302185028173321,0.8746031746031746,0.9023809523809524,0.776984126984127,0.9468499622071049
MiCS_NO2,0.0368185121608872,0.8158730158730159,0.919047619047619,0.7349206349206349,0.9309221466364324
MiCS_CO,0.6427349863726345,0.8174603174603174,0.9142857142857143,0.7317460317460317,0.925496976568405
